virtual1_vs,192.168.1.1,443,virtual1_pool,80,10.0.1.0,10.0.1.1,
virtual2_vs,192.168.1.2,443,virtual2_pool,80,10.0.2.0,
virtual3_vs,192.168.1.3,443,virtual3_pool,80,10.0.3.0,10.0.3.1,
virtual4_vs,192.168.1.4,443,virtual4_pool,80,10.0.4.0,10.0.4.1,10.0.4.2,10.0.4.3,10.0.4.4,10.0.4.5,10.0.4.6,10.0.4.7,10.0.4.8,10.0.4.9,
virtual5_vs,192.168.1.5,443,virtual5_pool,80,10.0.5.0,10.0.5.1,10.0.5.2,10.0.5.3,10.0.5.4,
virtual6_vs,192.168.1.6,443,virtual6_pool,80,10.0.6.0,10.0.6.1,10.0.6.2,10.0.6.3,10.0.6.4,10.0.6.5,
virtual7_vs,192.168.1.7,443,virtual7_pool,80,10.0.7.0,10.0.7.1,10.0.7.2,10.0.7.3,10.0.7.4,10.0.7.5,10.0.7.6,10.0.7.7,10.0.7.8,10.0.7.9,
virtual8_vs,192.168.1.8,443,virtual8_pool,80,10.0.8.0,10.0.8.1,10.0.8.2,10.0.8.3,10.0.8.4,10.0.8.5,
virtual9_vs,192.168.1.9,443,virtual9_pool,80,10.0.9.0,10.0.9.1,10.0.9.2,10.0.9.3,10.0.9.4,10.0.9.5,
virtual10_vs,192.168.1.10,443,virtual10_pool,80,10.0.10.0,10.0.10.1,10.0.10.2,
virtual11_vs,192.168.1.11,443,virtual11_pool,80,10.0.11.0,10.0.11.1,10.0.11.2,10.0.11.3,10.0.11.4,10.0.11.5,10.0.11.6,10.0.11.7,10.0.11.8,10.0.11.9,
virtual12_vs,192.168.1.12,443,virtual12_pool,80,10.0.12.0,10.0.12.1,10.0.12.2,
virtual13_vs,192.168.1.13,443,virtual13_pool,80,10.0.13.0,10.0.13.1,10.0.13.2,10.0.13.3,10.0.13.4,10.0.13.5,10.0.13.6,10.0.13.7,10.0.13.8,
virtual14_vs,192.168.1.14,443,virtual14_pool,80,10.0.14.0,10.0.14.1,10.0.14.2,10.0.14.3,10.0.14.4,
virtual15_vs,192.168.1.15,443,virtual15_pool,80,10.0.15.0,
virtual16_vs,192.168.1.16,443,virtual16_pool,80,10.0.16.0,10.0.16.1,10.0.16.2,10.0.16.3,10.0.16.4,10.0.16.5,10.0.16.6,10.0.16.7,10.0.16.8,
virtual17_vs,192.168.1.17,443,virtual17_pool,80,10.0.17.0,
virtual18_vs,192.168.1.18,443,virtual18_pool,80,10.0.18.0,10.0.18.1,10.0.18.2,10.0.18.3,10.0.18.4,
virtual19_vs,192.168.1.19,443,virtual19_pool,80,10.0.19.0,10.0.19.1,10.0.19.2,10.0.19.3,10.0.19.4,10.0.19.5,10.0.19.6,10.0.19.7,10.0.19.8,
virtual20_vs,192.168.1.20,443,virtual20_pool,80,10.0.20.0,10.0.20.1,10.0.20.2,
virtual21_vs,192.168.1.21,443,virtual21_pool,80,10.0.21.0,10.0.21.1,10.0.21.2,10.0.21.3,10.0.21.4,10.0.21.5,10.0.21.6,10.0.21.7,10.0.21.8,10.0.21.9,
virtual22_vs,192.168.1.22,443,virtual22_pool,80,10.0.22.0,10.0.22.1,10.0.22.2,10.0.22.3,10.0.22.4,10.0.22.5,10.0.22.6,
virtual23_vs,192.168.1.23,443,virtual23_pool,80,10.0.23.0,10.0.23.1,10.0.23.2,10.0.23.3,10.0.23.4,10.0.23.5,10.0.23.6,10.0.23.7,10.0.23.8,
virtual24_vs,192.168.1.24,443,virtual24_pool,80,10.0.24.0,10.0.24.1,10.0.24.2,10.0.24.3,10.0.24.4,10.0.24.5,10.0.24.6,10.0.24.7,10.0.24.8,10.0.24.9,
virtual25_vs,192.168.1.25,443,virtual25_pool,80,10.0.25.0,10.0.25.1,10.0.25.2,
virtual26_vs,192.168.1.26,443,virtual26_pool,80,10.0.26.0,
virtual27_vs,192.168.1.27,443,virtual27_pool,80,10.0.27.0,10.0.27.1,10.0.27.2,10.0.27.3,10.0.27.4,
virtual28_vs,192.168.1.28,443,virtual28_pool,80,10.0.28.0,10.0.28.1,10.0.28.2,10.0.28.3,10.0.28.4,10.0.28.5,
virtual29_vs,192.168.1.29,443,virtual29_pool,80,10.0.29.0,10.0.29.1,10.0.29.2,10.0.29.3,10.0.29.4,10.0.29.5,10.0.29.6,10.0.29.7,10.0.29.8,10.0.29.9,
virtual30_vs,192.168.1.30,443,virtual30_pool,80,10.0.30.0,10.0.30.1,10.0.30.2,10.0.30.3,10.0.30.4,10.0.30.5,10.0.30.6,
virtual31_vs,192.168.1.31,443,virtual31_pool,80,10.0.31.0,10.0.31.1,10.0.31.2,10.0.31.3,
virtual32_vs,192.168.1.32,443,virtual32_pool,80,10.0.32.0,10.0.32.1,10.0.32.2,10.0.32.3,10.0.32.4,
virtual33_vs,192.168.1.33,443,virtual33_pool,80,10.0.33.0,10.0.33.1,10.0.33.2,10.0.33.3,10.0.33.4,10.0.33.5,10.0.33.6,
virtual34_vs,192.168.1.34,443,virtual34_pool,80,10.0.34.0,10.0.34.1,10.0.34.2,10.0.34.3,
virtual35_vs,192.168.1.35,443,virtual35_pool,80,10.0.35.0,10.0.35.1,10.0.35.2,10.0.35.3,
virtual36_vs,192.168.1.36,443,virtual36_pool,80,10.0.36.0,10.0.36.1,10.0.36.2,10.0.36.3,10.0.36.4,10.0.36.5,10.0.36.6,10.0.36.7,10.0.36.8,10.0.36.9,
virtual37_vs,192.168.1.37,443,virtual37_pool,80,10.0.37.0,10.0.37.1,10.0.37.2,
virtual38_vs,192.168.1.38,443,virtual38_pool,80,10.0.38.0,10.0.38.1,
virtual39_vs,192.168.1.39,443,virtual39_pool,80,10.0.39.0,10.0.39.1,10.0.39.2,10.0.39.3,10.0.39.4,10.0.39.5,10.0.39.6,10.0.39.7,10.0.39.8,
virtual40_vs,192.168.1.40,443,virtual40_pool,80,10.0.40.0,10.0.40.1,10.0.40.2,10.0.40.3,10.0.40.4,10.0.40.5,
virtual41_vs,192.168.1.41,443,virtual41_pool,80,10.0.41.0,
virtual42_vs,192.168.1.42,443,virtual42_pool,80,10.0.42.0,
virtual43_vs,192.168.1.43,443,virtual43_pool,80,10.0.43.0,10.0.43.1,10.0.43.2,10.0.43.3,10.0.43.4,
virtual44_vs,192.168.1.44,443,virtual44_pool,80,10.0.44.0,10.0.44.1,10.0.44.2,
virtual45_vs,192.168.1.45,443,virtual45_pool,80,10.0.45.0,10.0.45.1,10.0.45.2,10.0.45.3,
virtual46_vs,192.168.1.46,443,virtual46_pool,80,10.0.46.0,10.0.46.1,10.0.46.2,10.0.46.3,10.0.46.4,10.0.46.5,10.0.46.6,10.0.46.7,10.0.46.8,10.0.46.9,
virtual47_vs,192.168.1.47,443,virtual47_pool,80,10.0.47.0,10.0.47.1,10.0.47.2,10.0.47.3,10.0.47.4,10.0.47.5,10.0.47.6,10.0.47.7,10.0.47.8,10.0.47.9,
virtual48_vs,192.168.1.48,443,virtual48_pool,80,10.0.48.0,10.0.48.1,10.0.48.2,10.0.48.3,10.0.48.4,10.0.48.5,10.0.48.6,10.0.48.7,10.0.48.8,10.0.48.9,
virtual49_vs,192.168.1.49,443,virtual49_pool,80,10.0.49.0,10.0.49.1,10.0.49.2,
virtual50_vs,192.168.1.50,443,virtual50_pool,80,10.0.50.0,10.0.50.1,10.0.50.2,10.0.50.3,10.0.50.4,10.0.50.5,10.0.50.6,10.0.50.7,10.0.50.8,10.0.50.9,
virtual51_vs,192.168.1.51,443,virtual51_pool,80,10.0.51.0,10.0.51.1,10.0.51.2,10.0.51.3,10.0.51.4,10.0.51.5,10.0.51.6,
virtual52_vs,192.168.1.52,443,virtual52_pool,80,10.0.52.0,10.0.52.1,10.0.52.2,10.0.52.3,10.0.52.4,10.0.52.5,10.0.52.6,10.0.52.7,
virtual53_vs,192.168.1.53,443,virtual53_pool,80,10.0.53.0,10.0.53.1,10.0.53.2,10.0.53.3,10.0.53.4,10.0.53.5,
virtual54_vs,192.168.1.54,443,virtual54_pool,80,10.0.54.0,10.0.54.1,
virtual55_vs,192.168.1.55,443,virtual55_pool,80,10.0.55.0,10.0.55.1,10.0.55.2,10.0.55.3,10.0.55.4,10.0.55.5,10.0.55.6,10.0.55.7,
virtual56_vs,192.168.1.56,443,virtual56_pool,80,10.0.56.0,10.0.56.1,10.0.56.2,10.0.56.3,10.0.56.4,10.0.56.5,
virtual57_vs,192.168.1.57,443,virtual57_pool,80,10.0.57.0,10.0.57.1,10.0.57.2,10.0.57.3,10.0.57.4,
virtual58_vs,192.168.1.58,443,virtual58_pool,80,10.0.58.0,10.0.58.1,10.0.58.2,
virtual59_vs,192.168.1.59,443,virtual59_pool,80,10.0.59.0,10.0.59.1,10.0.59.2,10.0.59.3,10.0.59.4,10.0.59.5,10.0.59.6,10.0.59.7,10.0.59.8,
virtual60_vs,192.168.1.60,443,virtual60_pool,80,10.0.60.0,10.0.60.1,10.0.60.2,10.0.60.3,10.0.60.4,10.0.60.5,
virtual61_vs,192.168.1.61,443,virtual61_pool,80,10.0.61.0,10.0.61.1,10.0.61.2,10.0.61.3,10.0.61.4,10.0.61.5,10.0.61.6,10.0.61.7,10.0.61.8,
virtual62_vs,192.168.1.62,443,virtual62_pool,80,10.0.62.0,10.0.62.1,
virtual63_vs,192.168.1.63,443,virtual63_pool,80,10.0.63.0,10.0.63.1,10.0.63.2,10.0.63.3,10.0.63.4,10.0.63.5,10.0.63.6,10.0.63.7,10.0.63.8,
virtual64_vs,192.168.1.64,443,virtual64_pool,80,10.0.64.0,10.0.64.1,10.0.64.2,10.0.64.3,10.0.64.4,10.0.64.5,10.0.64.6,10.0.64.7,10.0.64.8,
virtual65_vs,192.168.1.65,443,virtual65_pool,80,10.0.65.0,
virtual66_vs,192.168.1.66,443,virtual66_pool,80,10.0.66.0,10.0.66.1,10.0.66.2,10.0.66.3,
virtual67_vs,192.168.1.67,443,virtual67_pool,80,10.0.67.0,10.0.67.1,10.0.67.2,10.0.67.3,
virtual68_vs,192.168.1.68,443,virtual68_pool,80,10.0.68.0,10.0.68.1,10.0.68.2,10.0.68.3,
virtual69_vs,192.168.1.69,443,virtual69_pool,80,10.0.69.0,10.0.69.1,10.0.69.2,10.0.69.3,10.0.69.4,
virtual70_vs,192.168.1.70,443,virtual70_pool,80,10.0.70.0,10.0.70.1,10.0.70.2,10.0.70.3,10.0.70.4,10.0.70.5,
virtual71_vs,192.168.1.71,443,virtual71_pool,80,10.0.71.0,10.0.71.1,10.0.71.2,10.0.71.3,10.0.71.4,10.0.71.5,10.0.71.6,10.0.71.7,10.0.71.8,
virtual72_vs,192.168.1.72,443,virtual72_pool,80,10.0.72.0,
virtual73_vs,192.168.1.73,443,virtual73_pool,80,10.0.73.0,10.0.73.1,10.0.73.2,10.0.73.3,10.0.73.4,10.0.73.5,10.0.73.6,10.0.73.7,
virtual74_vs,192.168.1.74,443,virtual74_pool,80,10.0.74.0,10.0.74.1,10.0.74.2,10.0.74.3,10.0.74.4,10.0.74.5,10.0.74.6,10.0.74.7,10.0.74.8,
virtual75_vs,192.168.1.75,443,virtual75_pool,80,10.0.75.0,10.0.75.1,10.0.75.2,10.0.75.3,10.0.75.4,10.0.75.5,10.0.75.6,10.0.75.7,
virtual76_vs,192.168.1.76,443,virtual76_pool,80,10.0.76.0,
virtual77_vs,192.168.1.77,443,virtual77_pool,80,10.0.77.0,10.0.77.1,
virtual78_vs,192.168.1.78,443,virtual78_pool,80,10.0.78.0,10.0.78.1,10.0.78.2,10.0.78.3,10.0.78.4,10.0.78.5,10.0.78.6,
virtual79_vs,192.168.1.79,443,virtual79_pool,80,10.0.79.0,10.0.79.1,10.0.79.2,10.0.79.3,10.0.79.4,10.0.79.5,10.0.79.6,10.0.79.7,
virtual80_vs,192.168.1.80,443,virtual80_pool,80,10.0.80.0,10.0.80.1,10.0.80.2,10.0.80.3,10.0.80.4,10.0.80.5,10.0.80.6,10.0.80.7,10.0.80.8,
virtual81_vs,192.168.1.81,443,virtual81_pool,80,10.0.81.0,10.0.81.1,10.0.81.2,10.0.81.3,10.0.81.4,10.0.81.5,
virtual82_vs,192.168.1.82,443,virtual82_pool,80,10.0.82.0,10.0.82.1,
virtual83_vs,192.168.1.83,443,virtual83_pool,80,10.0.83.0,10.0.83.1,
virtual84_vs,192.168.1.84,443,virtual84_pool,80,10.0.84.0,10.0.84.1,10.0.84.2,10.0.84.3,10.0.84.4,10.0.84.5,10.0.84.6,10.0.84.7,10.0.84.8,
virtual85_vs,192.168.1.85,443,virtual85_pool,80,10.0.85.0,10.0.85.1,10.0.85.2,10.0.85.3,10.0.85.4,10.0.85.5,10.0.85.6,10.0.85.7,10.0.85.8,
virtual86_vs,192.168.1.86,443,virtual86_pool,80,10.0.86.0,10.0.86.1,10.0.86.2,
virtual87_vs,192.168.1.87,443,virtual87_pool,80,10.0.87.0,10.0.87.1,10.0.87.2,10.0.87.3,10.0.87.4,10.0.87.5,10.0.87.6,10.0.87.7,10.0.87.8,
virtual88_vs,192.168.1.88,443,virtual88_pool,80,10.0.88.0,10.0.88.1,10.0.88.2,10.0.88.3,10.0.88.4,10.0.88.5,
virtual89_vs,192.168.1.89,443,virtual89_pool,80,10.0.89.0,10.0.89.1,10.0.89.2,10.0.89.3,10.0.89.4,10.0.89.5,10.0.89.6,
virtual90_vs,192.168.1.90,443,virtual90_pool,80,10.0.90.0,10.0.90.1,10.0.90.2,10.0.90.3,10.0.90.4,10.0.90.5,10.0.90.6,
virtual91_vs,192.168.1.91,443,virtual91_pool,80,10.0.91.0,10.0.91.1,10.0.91.2,10.0.91.3,10.0.91.4,10.0.91.5,
virtual92_vs,192.168.1.92,443,virtual92_pool,80,10.0.92.0,10.0.92.1,10.0.92.2,
virtual93_vs,192.168.1.93,443,virtual93_pool,80,10.0.93.0,10.0.93.1,10.0.93.2,10.0.93.3,10.0.93.4,10.0.93.5,10.0.93.6,
virtual94_vs,192.168.1.94,443,virtual94_pool,80,10.0.94.0,10.0.94.1,10.0.94.2,10.0.94.3,10.0.94.4,10.0.94.5,10.0.94.6,
virtual95_vs,192.168.1.95,443,virtual95_pool,80,10.0.95.0,10.0.95.1,10.0.95.2,10.0.95.3,10.0.95.4,10.0.95.5,
virtual96_vs,192.168.1.96,443,virtual96_pool,80,10.0.96.0,10.0.96.1,10.0.96.2,10.0.96.3,10.0.96.4,10.0.96.5,10.0.96.6,
virtual97_vs,192.168.1.97,443,virtual97_pool,80,10.0.97.0,10.0.97.1,10.0.97.2,10.0.97.3,10.0.97.4,10.0.97.5,10.0.97.6,10.0.97.7,
virtual98_vs,192.168.1.98,443,virtual98_pool,80,10.0.98.0,10.0.98.1,10.0.98.2,10.0.98.3,10.0.98.4,10.0.98.5,10.0.98.6,
virtual99_vs,192.168.1.99,443,virtual99_pool,80,10.0.99.0,10.0.99.1,10.0.99.2,10.0.99.3,10.0.99.4,10.0.99.5,
virtual100_vs,192.168.1.100,443,virtual100_pool,80,10.0.100.0,10.0.100.1,10.0.100.2,10.0.100.3,10.0.100.4,10.0.100.5,10.0.100.6,10.0.100.7,10.0.100.8,10.0.100.9,
virtual101_vs,192.168.1.101,443,virtual101_pool,80,10.0.101.0,10.0.101.1,10.0.101.2,10.0.101.3,10.0.101.4,10.0.101.5,10.0.101.6,10.0.101.7,10.0.101.8,
virtual102_vs,192.168.1.102,443,virtual102_pool,80,10.0.102.0,10.0.102.1,10.0.102.2,10.0.102.3,10.0.102.4,
virtual103_vs,192.168.1.103,443,virtual103_pool,80,10.0.103.0,10.0.103.1,10.0.103.2,10.0.103.3,10.0.103.4,10.0.103.5,10.0.103.6,10.0.103.7,10.0.103.8,10.0.103.9,
virtual104_vs,192.168.1.104,443,virtual104_pool,80,10.0.104.0,
virtual105_vs,192.168.1.105,443,virtual105_pool,80,10.0.105.0,
virtual106_vs,192.168.1.106,443,virtual106_pool,80,10.0.106.0,10.0.106.1,10.0.106.2,10.0.106.3,10.0.106.4,10.0.106.5,
virtual107_vs,192.168.1.107,443,virtual107_pool,80,10.0.107.0,
virtual108_vs,192.168.1.108,443,virtual108_pool,80,10.0.108.0,10.0.108.1,10.0.108.2,10.0.108.3,10.0.108.4,10.0.108.5,10.0.108.6,
virtual109_vs,192.168.1.109,443,virtual109_pool,80,10.0.109.0,10.0.109.1,10.0.109.2,10.0.109.3,10.0.109.4,10.0.109.5,10.0.109.6,
virtual110_vs,192.168.1.110,443,virtual110_pool,80,10.0.110.0,
virtual111_vs,192.168.1.111,443,virtual111_pool,80,10.0.111.0,10.0.111.1,10.0.111.2,10.0.111.3,10.0.111.4,10.0.111.5,
virtual112_vs,192.168.1.112,443,virtual112_pool,80,10.0.112.0,10.0.112.1,10.0.112.2,10.0.112.3,10.0.112.4,
virtual113_vs,192.168.1.113,443,virtual113_pool,80,10.0.113.0,10.0.113.1,10.0.113.2,10.0.113.3,10.0.113.4,10.0.113.5,10.0.113.6,10.0.113.7,
virtual114_vs,192.168.1.114,443,virtual114_pool,80,10.0.114.0,10.0.114.1,10.0.114.2,
virtual115_vs,192.168.1.115,443,virtual115_pool,80,10.0.115.0,10.0.115.1,10.0.115.2,10.0.115.3,10.0.115.4,10.0.115.5,10.0.115.6,
virtual116_vs,192.168.1.116,443,virtual116_pool,80,10.0.116.0,10.0.116.1,10.0.116.2,10.0.116.3,10.0.116.4,10.0.116.5,10.0.116.6,10.0.116.7,
virtual117_vs,192.168.1.117,443,virtual117_pool,80,10.0.117.0,10.0.117.1,10.0.117.2,10.0.117.3,10.0.117.4,
virtual118_vs,192.168.1.118,443,virtual118_pool,80,10.0.118.0,10.0.118.1,10.0.118.2,10.0.118.3,10.0.118.4,10.0.118.5,10.0.118.6,10.0.118.7,
virtual119_vs,192.168.1.119,443,virtual119_pool,80,10.0.119.0,10.0.119.1,
virtual120_vs,192.168.1.120,443,virtual120_pool,80,10.0.120.0,10.0.120.1,
virtual121_vs,192.168.1.121,443,virtual121_pool,80,10.0.121.0,10.0.121.1,10.0.121.2,10.0.121.3,
virtual122_vs,192.168.1.122,443,virtual122_pool,80,10.0.122.0,10.0.122.1,10.0.122.2,10.0.122.3,10.0.122.4,10.0.122.5,10.0.122.6,10.0.122.7,10.0.122.8,10.0.122.9,
virtual123_vs,192.168.1.123,443,virtual123_pool,80,10.0.123.0,10.0.123.1,10.0.123.2,10.0.123.3,10.0.123.4,10.0.123.5,10.0.123.6,10.0.123.7,10.0.123.8,
virtual124_vs,192.168.1.124,443,virtual124_pool,80,10.0.124.0,10.0.124.1,10.0.124.2,10.0.124.3,10.0.124.4,10.0.124.5,10.0.124.6,
virtual125_vs,192.168.1.125,443,virtual125_pool,80,10.0.125.0,10.0.125.1,10.0.125.2,10.0.125.3,10.0.125.4,10.0.125.5,10.0.125.6,
virtual126_vs,192.168.1.126,443,virtual126_pool,80,10.0.126.0,10.0.126.1,10.0.126.2,10.0.126.3,
virtual127_vs,192.168.1.127,443,virtual127_pool,80,10.0.127.0,10.0.127.1,10.0.127.2,10.0.127.3,10.0.127.4,10.0.127.5,10.0.127.6,10.0.127.7,
virtual128_vs,192.168.1.128,443,virtual128_pool,80,10.0.128.0,10.0.128.1,10.0.128.2,10.0.128.3,10.0.128.4,10.0.128.5,10.0.128.6,10.0.128.7,10.0.128.8,
virtual129_vs,192.168.1.129,443,virtual129_pool,80,10.0.129.0,10.0.129.1,10.0.129.2,
virtual130_vs,192.168.1.130,443,virtual130_pool,80,10.0.130.0,10.0.130.1,10.0.130.2,10.0.130.3,10.0.130.4,10.0.130.5,10.0.130.6,10.0.130.7,10.0.130.8,10.0.130.9,
virtual131_vs,192.168.1.131,443,virtual131_pool,80,10.0.131.0,10.0.131.1,10.0.131.2,10.0.131.3,10.0.131.4,10.0.131.5,10.0.131.6,
virtual132_vs,192.168.1.132,443,virtual132_pool,80,10.0.132.0,10.0.132.1,10.0.132.2,10.0.132.3,10.0.132.4,10.0.132.5,
virtual133_vs,192.168.1.133,443,virtual133_pool,80,10.0.133.0,10.0.133.1,10.0.133.2,10.0.133.3,
virtual134_vs,192.168.1.134,443,virtual134_pool,80,10.0.134.0,
virtual135_vs,192.168.1.135,443,virtual135_pool,80,10.0.135.0,10.0.135.1,10.0.135.2,
virtual136_vs,192.168.1.136,443,virtual136_pool,80,10.0.136.0,
virtual137_vs,192.168.1.137,443,virtual137_pool,80,10.0.137.0,10.0.137.1,10.0.137.2,
virtual138_vs,192.168.1.138,443,virtual138_pool,80,10.0.138.0,10.0.138.1,10.0.138.2,10.0.138.3,10.0.138.4,10.0.138.5,
virtual139_vs,192.168.1.139,443,virtual139_pool,80,10.0.139.0,10.0.139.1,10.0.139.2,10.0.139.3,10.0.139.4,10.0.139.5,
virtual140_vs,192.168.1.140,443,virtual140_pool,80,10.0.140.0,10.0.140.1,10.0.140.2,10.0.140.3,10.0.140.4,10.0.140.5,10.0.140.6,10.0.140.7,10.0.140.8,10.0.140.9,
virtual141_vs,192.168.1.141,443,virtual141_pool,80,10.0.141.0,10.0.141.1,10.0.141.2,
virtual142_vs,192.168.1.142,443,virtual142_pool,80,10.0.142.0,10.0.142.1,10.0.142.2,10.0.142.3,10.0.142.4,
virtual143_vs,192.168.1.143,443,virtual143_pool,80,10.0.143.0,10.0.143.1,10.0.143.2,
virtual144_vs,192.168.1.144,443,virtual144_pool,80,10.0.144.0,10.0.144.1,
virtual145_vs,192.168.1.145,443,virtual145_pool,80,10.0.145.0,10.0.145.1,10.0.145.2,10.0.145.3,10.0.145.4,10.0.145.5,10.0.145.6,
virtual146_vs,192.168.1.146,443,virtual146_pool,80,10.0.146.0,10.0.146.1,10.0.146.2,10.0.146.3,10.0.146.4,10.0.146.5,10.0.146.6,
virtual147_vs,192.168.1.147,443,virtual147_pool,80,10.0.147.0,10.0.147.1,10.0.147.2,10.0.147.3,10.0.147.4,10.0.147.5,10.0.147.6,10.0.147.7,10.0.147.8,
virtual148_vs,192.168.1.148,443,virtual148_pool,80,10.0.148.0,10.0.148.1,10.0.148.2,10.0.148.3,10.0.148.4,10.0.148.5,10.0.148.6,10.0.148.7,10.0.148.8,
virtual149_vs,192.168.1.149,443,virtual149_pool,80,10.0.149.0,10.0.149.1,10.0.149.2,10.0.149.3,10.0.149.4,10.0.149.5,10.0.149.6,10.0.149.7,
virtual150_vs,192.168.1.150,443,virtual150_pool,80,10.0.150.0,10.0.150.1,10.0.150.2,10.0.150.3,10.0.150.4,10.0.150.5,10.0.150.6,10.0.150.7,10.0.150.8,
virtual151_vs,192.168.1.151,443,virtual151_pool,80,10.0.151.0,10.0.151.1,10.0.151.2,10.0.151.3,10.0.151.4,10.0.151.5,10.0.151.6,10.0.151.7,10.0.151.8,10.0.151.9,
virtual152_vs,192.168.1.152,443,virtual152_pool,80,10.0.152.0,10.0.152.1,
virtual153_vs,192.168.1.153,443,virtual153_pool,80,10.0.153.0,10.0.153.1,10.0.153.2,10.0.153.3,10.0.153.4,
virtual154_vs,192.168.1.154,443,virtual154_pool,80,10.0.154.0,
virtual155_vs,192.168.1.155,443,virtual155_pool,80,10.0.155.0,10.0.155.1,10.0.155.2,10.0.155.3,10.0.155.4,10.0.155.5,10.0.155.6,10.0.155.7,10.0.155.8,10.0.155.9,
virtual156_vs,192.168.1.156,443,virtual156_pool,80,10.0.156.0,10.0.156.1,10.0.156.2,10.0.156.3,10.0.156.4,10.0.156.5,10.0.156.6,10.0.156.7,10.0.156.8,10.0.156.9,
virtual157_vs,192.168.1.157,443,virtual157_pool,80,10.0.157.0,10.0.157.1,
virtual158_vs,192.168.1.158,443,virtual158_pool,80,10.0.158.0,10.0.158.1,10.0.158.2,10.0.158.3,10.0.158.4,
virtual159_vs,192.168.1.159,443,virtual159_pool,80,10.0.159.0,
virtual160_vs,192.168.1.160,443,virtual160_pool,80,10.0.160.0,10.0.160.1,10.0.160.2,10.0.160.3,
virtual161_vs,192.168.1.161,443,virtual161_pool,80,10.0.161.0,
virtual162_vs,192.168.1.162,443,virtual162_pool,80,10.0.162.0,10.0.162.1,10.0.162.2,10.0.162.3,
virtual163_vs,192.168.1.163,443,virtual163_pool,80,10.0.163.0,10.0.163.1,
virtual164_vs,192.168.1.164,443,virtual164_pool,80,10.0.164.0,10.0.164.1,10.0.164.2,10.0.164.3,10.0.164.4,10.0.164.5,10.0.164.6,10.0.164.7,10.0.164.8,
virtual165_vs,192.168.1.165,443,virtual165_pool,80,10.0.165.0,10.0.165.1,10.0.165.2,10.0.165.3,10.0.165.4,10.0.165.5,10.0.165.6,10.0.165.7,10.0.165.8,
virtual166_vs,192.168.1.166,443,virtual166_pool,80,10.0.166.0,10.0.166.1,10.0.166.2,
virtual167_vs,192.168.1.167,443,virtual167_pool,80,10.0.167.0,10.0.167.1,10.0.167.2,10.0.167.3,10.0.167.4,
virtual168_vs,192.168.1.168,443,virtual168_pool,80,10.0.168.0,
virtual169_vs,192.168.1.169,443,virtual169_pool,80,10.0.169.0,
virtual170_vs,192.168.1.170,443,virtual170_pool,80,10.0.170.0,10.0.170.1,10.0.170.2,10.0.170.3,10.0.170.4,10.0.170.5,10.0.170.6,
virtual171_vs,192.168.1.171,443,virtual171_pool,80,10.0.171.0,10.0.171.1,10.0.171.2,10.0.171.3,10.0.171.4,10.0.171.5,10.0.171.6,10.0.171.7,
virtual172_vs,192.168.1.172,443,virtual172_pool,80,10.0.172.0,10.0.172.1,10.0.172.2,10.0.172.3,10.0.172.4,
virtual173_vs,192.168.1.173,443,virtual173_pool,80,10.0.173.0,10.0.173.1,10.0.173.2,10.0.173.3,10.0.173.4,10.0.173.5,
virtual174_vs,192.168.1.174,443,virtual174_pool,80,10.0.174.0,10.0.174.1,10.0.174.2,10.0.174.3,10.0.174.4,
virtual175_vs,192.168.1.175,443,virtual175_pool,80,10.0.175.0,10.0.175.1,10.0.175.2,10.0.175.3,10.0.175.4,10.0.175.5,10.0.175.6,
virtual176_vs,192.168.1.176,443,virtual176_pool,80,10.0.176.0,10.0.176.1,10.0.176.2,10.0.176.3,10.0.176.4,10.0.176.5,10.0.176.6,10.0.176.7,
virtual177_vs,192.168.1.177,443,virtual177_pool,80,10.0.177.0,10.0.177.1,
virtual178_vs,192.168.1.178,443,virtual178_pool,80,10.0.178.0,10.0.178.1,10.0.178.2,10.0.178.3,10.0.178.4,10.0.178.5,10.0.178.6,
virtual179_vs,192.168.1.179,443,virtual179_pool,80,10.0.179.0,10.0.179.1,10.0.179.2,10.0.179.3,10.0.179.4,10.0.179.5,10.0.179.6,10.0.179.7,10.0.179.8,10.0.179.9,
virtual180_vs,192.168.1.180,443,virtual180_pool,80,10.0.180.0,10.0.180.1,10.0.180.2,10.0.180.3,10.0.180.4,10.0.180.5,10.0.180.6,10.0.180.7,10.0.180.8,
virtual181_vs,192.168.1.181,443,virtual181_pool,80,10.0.181.0,10.0.181.1,10.0.181.2,10.0.181.3,10.0.181.4,
virtual182_vs,192.168.1.182,443,virtual182_pool,80,10.0.182.0,10.0.182.1,10.0.182.2,10.0.182.3,10.0.182.4,10.0.182.5,10.0.182.6,10.0.182.7,
virtual183_vs,192.168.1.183,443,virtual183_pool,80,10.0.183.0,10.0.183.1,10.0.183.2,10.0.183.3,10.0.183.4,10.0.183.5,10.0.183.6,10.0.183.7,10.0.183.8,
virtual184_vs,192.168.1.184,443,virtual184_pool,80,10.0.184.0,
virtual185_vs,192.168.1.185,443,virtual185_pool,80,10.0.185.0,10.0.185.1,10.0.185.2,10.0.185.3,
virtual186_vs,192.168.1.186,443,virtual186_pool,80,10.0.186.0,10.0.186.1,10.0.186.2,10.0.186.3,10.0.186.4,10.0.186.5,10.0.186.6,
virtual187_vs,192.168.1.187,443,virtual187_pool,80,10.0.187.0,10.0.187.1,10.0.187.2,10.0.187.3,10.0.187.4,10.0.187.5,10.0.187.6,10.0.187.7,
virtual188_vs,192.168.1.188,443,virtual188_pool,80,10.0.188.0,10.0.188.1,10.0.188.2,10.0.188.3,10.0.188.4,10.0.188.5,10.0.188.6,
virtual189_vs,192.168.1.189,443,virtual189_pool,80,10.0.189.0,10.0.189.1,
virtual190_vs,192.168.1.190,443,virtual190_pool,80,10.0.190.0,10.0.190.1,10.0.190.2,10.0.190.3,10.0.190.4,10.0.190.5,10.0.190.6,10.0.190.7,10.0.190.8,
virtual191_vs,192.168.1.191,443,virtual191_pool,80,10.0.191.0,10.0.191.1,10.0.191.2,
virtual192_vs,192.168.1.192,443,virtual192_pool,80,10.0.192.0,10.0.192.1,10.0.192.2,10.0.192.3,10.0.192.4,10.0.192.5,
virtual193_vs,192.168.1.193,443,virtual193_pool,80,10.0.193.0,10.0.193.1,10.0.193.2,10.0.193.3,
virtual194_vs,192.168.1.194,443,virtual194_pool,80,10.0.194.0,10.0.194.1,10.0.194.2,10.0.194.3,10.0.194.4,10.0.194.5,
virtual195_vs,192.168.1.195,443,virtual195_pool,80,10.0.195.0,10.0.195.1,
virtual196_vs,192.168.1.196,443,virtual196_pool,80,10.0.196.0,10.0.196.1,10.0.196.2,10.0.196.3,10.0.196.4,10.0.196.5,10.0.196.6,10.0.196.7,10.0.196.8,
virtual197_vs,192.168.1.197,443,virtual197_pool,80,10.0.197.0,10.0.197.1,10.0.197.2,10.0.197.3,
virtual198_vs,192.168.1.198,443,virtual198_pool,80,10.0.198.0,10.0.198.1,10.0.198.2,10.0.198.3,10.0.198.4,10.0.198.5,10.0.198.6,
virtual199_vs,192.168.1.199,443,virtual199_pool,80,10.0.199.0,10.0.199.1,10.0.199.2,10.0.199.3,
virtual200_vs,192.168.1.200,443,virtual200_pool,80,10.0.200.0,10.0.200.1,10.0.200.2,
virtual201_vs,192.168.1.201,443,virtual201_pool,80,10.0.201.0,
virtual202_vs,192.168.1.202,443,virtual202_pool,80,10.0.202.0,10.0.202.1,10.0.202.2,10.0.202.3,10.0.202.4,10.0.202.5,
virtual203_vs,192.168.1.203,443,virtual203_pool,80,10.0.203.0,10.0.203.1,10.0.203.2,10.0.203.3,10.0.203.4,
virtual204_vs,192.168.1.204,443,virtual204_pool,80,10.0.204.0,10.0.204.1,10.0.204.2,10.0.204.3,10.0.204.4,10.0.204.5,10.0.204.6,
virtual205_vs,192.168.1.205,443,virtual205_pool,80,10.0.205.0,10.0.205.1,10.0.205.2,10.0.205.3,
virtual206_vs,192.168.1.206,443,virtual206_pool,80,10.0.206.0,10.0.206.1,10.0.206.2,10.0.206.3,
virtual207_vs,192.168.1.207,443,virtual207_pool,80,10.0.207.0,10.0.207.1,10.0.207.2,
virtual208_vs,192.168.1.208,443,virtual208_pool,80,10.0.208.0,10.0.208.1,
virtual209_vs,192.168.1.209,443,virtual209_pool,80,10.0.209.0,10.0.209.1,10.0.209.2,
virtual210_vs,192.168.1.210,443,virtual210_pool,80,10.0.210.0,
virtual211_vs,192.168.1.211,443,virtual211_pool,80,10.0.211.0,10.0.211.1,10.0.211.2,10.0.211.3,10.0.211.4,10.0.211.5,10.0.211.6,10.0.211.7,10.0.211.8,10.0.211.9,
virtual212_vs,192.168.1.212,443,virtual212_pool,80,10.0.212.0,10.0.212.1,10.0.212.2,10.0.212.3,10.0.212.4,10.0.212.5,10.0.212.6,10.0.212.7,10.0.212.8,10.0.212.9,
virtual213_vs,192.168.1.213,443,virtual213_pool,80,10.0.213.0,10.0.213.1,10.0.213.2,
virtual214_vs,192.168.1.214,443,virtual214_pool,80,10.0.214.0,10.0.214.1,10.0.214.2,10.0.214.3,10.0.214.4,
virtual215_vs,192.168.1.215,443,virtual215_pool,80,10.0.215.0,10.0.215.1,10.0.215.2,10.0.215.3,10.0.215.4,10.0.215.5,
virtual216_vs,192.168.1.216,443,virtual216_pool,80,10.0.216.0,
virtual217_vs,192.168.1.217,443,virtual217_pool,80,10.0.217.0,10.0.217.1,10.0.217.2,10.0.217.3,10.0.217.4,10.0.217.5,10.0.217.6,10.0.217.7,10.0.217.8,10.0.217.9,
virtual218_vs,192.168.1.218,443,virtual218_pool,80,10.0.218.0,10.0.218.1,10.0.218.2,10.0.218.3,
virtual219_vs,192.168.1.219,443,virtual219_pool,80,10.0.219.0,10.0.219.1,10.0.219.2,10.0.219.3,10.0.219.4,10.0.219.5,
virtual220_vs,192.168.1.220,443,virtual220_pool,80,10.0.220.0,
virtual221_vs,192.168.1.221,443,virtual221_pool,80,10.0.221.0,10.0.221.1,10.0.221.2,10.0.221.3,10.0.221.4,10.0.221.5,10.0.221.6,10.0.221.7,
virtual222_vs,192.168.1.222,443,virtual222_pool,80,10.0.222.0,10.0.222.1,10.0.222.2,10.0.222.3,10.0.222.4,10.0.222.5,10.0.222.6,
virtual223_vs,192.168.1.223,443,virtual223_pool,80,10.0.223.0,10.0.223.1,10.0.223.2,10.0.223.3,10.0.223.4,
virtual224_vs,192.168.1.224,443,virtual224_pool,80,10.0.224.0,10.0.224.1,10.0.224.2,10.0.224.3,10.0.224.4,
virtual225_vs,192.168.1.225,443,virtual225_pool,80,10.0.225.0,10.0.225.1,10.0.225.2,10.0.225.3,10.0.225.4,10.0.225.5,10.0.225.6,10.0.225.7,10.0.225.8,10.0.225.9,
virtual226_vs,192.168.1.226,443,virtual226_pool,80,10.0.226.0,10.0.226.1,10.0.226.2,10.0.226.3,10.0.226.4,10.0.226.5,10.0.226.6,10.0.226.7,10.0.226.8,
virtual227_vs,192.168.1.227,443,virtual227_pool,80,10.0.227.0,10.0.227.1,10.0.227.2,10.0.227.3,10.0.227.4,10.0.227.5,10.0.227.6,10.0.227.7,10.0.227.8,
virtual228_vs,192.168.1.228,443,virtual228_pool,80,10.0.228.0,10.0.228.1,10.0.228.2,10.0.228.3,10.0.228.4,10.0.228.5,
virtual229_vs,192.168.1.229,443,virtual229_pool,80,10.0.229.0,10.0.229.1,10.0.229.2,10.0.229.3,10.0.229.4,10.0.229.5,10.0.229.6,10.0.229.7,10.0.229.8,10.0.229.9,
virtual230_vs,192.168.1.230,443,virtual230_pool,80,10.0.230.0,10.0.230.1,10.0.230.2,10.0.230.3,10.0.230.4,10.0.230.5,10.0.230.6,10.0.230.7,10.0.230.8,
virtual231_vs,192.168.1.231,443,virtual231_pool,80,10.0.231.0,10.0.231.1,10.0.231.2,10.0.231.3,
virtual232_vs,192.168.1.232,443,virtual232_pool,80,10.0.232.0,10.0.232.1,10.0.232.2,10.0.232.3,10.0.232.4,10.0.232.5,
virtual233_vs,192.168.1.233,443,virtual233_pool,80,10.0.233.0,10.0.233.1,10.0.233.2,10.0.233.3,10.0.233.4,10.0.233.5,
virtual234_vs,192.168.1.234,443,virtual234_pool,80,10.0.234.0,10.0.234.1,10.0.234.2,10.0.234.3,10.0.234.4,10.0.234.5,10.0.234.6,10.0.234.7,
virtual235_vs,192.168.1.235,443,virtual235_pool,80,10.0.235.0,10.0.235.1,10.0.235.2,10.0.235.3,10.0.235.4,10.0.235.5,10.0.235.6,10.0.235.7,10.0.235.8,10.0.235.9,
virtual236_vs,192.168.1.236,443,virtual236_pool,80,10.0.236.0,10.0.236.1,10.0.236.2,10.0.236.3,10.0.236.4,10.0.236.5,10.0.236.6,
virtual237_vs,192.168.1.237,443,virtual237_pool,80,10.0.237.0,10.0.237.1,10.0.237.2,10.0.237.3,
virtual238_vs,192.168.1.238,443,virtual238_pool,80,10.0.238.0,10.0.238.1,10.0.238.2,10.0.238.3,10.0.238.4,10.0.238.5,10.0.238.6,10.0.238.7,10.0.238.8,
virtual239_vs,192.168.1.239,443,virtual239_pool,80,10.0.239.0,10.0.239.1,10.0.239.2,
virtual240_vs,192.168.1.240,443,virtual240_pool,80,10.0.240.0,10.0.240.1,10.0.240.2,10.0.240.3,10.0.240.4,
virtual241_vs,192.168.1.241,443,virtual241_pool,80,10.0.241.0,
virtual242_vs,192.168.1.242,443,virtual242_pool,80,10.0.242.0,10.0.242.1,10.0.242.2,10.0.242.3,10.0.242.4,10.0.242.5,10.0.242.6,10.0.242.7,10.0.242.8,
virtual243_vs,192.168.1.243,443,virtual243_pool,80,10.0.243.0,10.0.243.1,10.0.243.2,
virtual244_vs,192.168.1.244,443,virtual244_pool,80,10.0.244.0,
virtual245_vs,192.168.1.245,443,virtual245_pool,80,10.0.245.0,10.0.245.1,10.0.245.2,10.0.245.3,10.0.245.4,
virtual246_vs,192.168.1.246,443,virtual246_pool,80,10.0.246.0,
virtual247_vs,192.168.1.247,443,virtual247_pool,80,10.0.247.0,10.0.247.1,10.0.247.2,10.0.247.3,10.0.247.4,
virtual248_vs,192.168.1.248,443,virtual248_pool,80,10.0.248.0,10.0.248.1,10.0.248.2,10.0.248.3,10.0.248.4,10.0.248.5,10.0.248.6,
virtual249_vs,192.168.1.249,443,virtual249_pool,80,10.0.249.0,10.0.249.1,10.0.249.2,
virtual250_vs,192.168.1.250,443,virtual250_pool,80,10.0.250.0,10.0.250.1,10.0.250.2,10.0.250.3,10.0.250.4,10.0.250.5,10.0.250.6,10.0.250.7,10.0.250.8,10.0.250.9,
virtual251_vs,192.168.1.251,443,virtual251_pool,80,10.0.251.0,10.0.251.1,10.0.251.2,10.0.251.3,10.0.251.4,10.0.251.5,10.0.251.6,10.0.251.7,10.0.251.8,10.0.251.9,
virtual252_vs,192.168.1.252,443,virtual252_pool,80,10.0.252.0,10.0.252.1,10.0.252.2,
virtual253_vs,192.168.1.253,443,virtual253_pool,80,10.0.253.0,10.0.253.1,
virtual254_vs,192.168.1.254,443,virtual254_pool,80,10.0.254.0,10.0.254.1,10.0.254.2,10.0.254.3,
